{
  "app": "OSCILLON",
  "by": "M.B. Parks",
  "version": "0.0.2",
  "saved": "2026-05-24T23:55:04.808Z",
  "patch": {
    "drone": true,
    "tremolo": false,
    "tuneA": 0.35388245277358243,
    "tuneB": 0.6553958598765949,
    "waveA": 2,
    "waveB": 2,
    "sub": 0.48773896650294246,
    "noise": 0.21608095883662212,
    "atk": 0.49884253571034914,
    "dec": 0.3681776875842161,
    "sus": 0.829533725950744,
    "rel": 0.6550191829071571,
    "lfoRate": 0.5496811689272328,
    "modDepth": 0.49689792384562514,
    "modRoute": 2,
    "filterMode": 0,
    "timbre": 0.6202724274400072,
    "reso": 0.1489151712318922,
    "vol": 0.55,
    "dlyTime": 0.4576288214452754,
    "dlyFb": 0.2695712193244102,
    "dlyMix": 0.0023908350682416424,
    "scopeMode": 2,
    "palette": 1,
    "grid": true,
    "text": true,
    "leds": true
  }
}