{
  "app": "OSCILLON",
  "by": "M.B. Parks",
  "version": "0.0.4",
  "saved": "2026-05-25T02:31:35.074Z",
  "patch": {
    "drone": true,
    "tremolo": true,
    "tuneA": 0.25249881819628306,
    "tuneB": 0.6135232312620585,
    "waveA": 1,
    "waveB": 1,
    "sub": 0.22291707456064405,
    "noise": 0.1414038969598543,
    "atk": 0.17345361429231737,
    "dec": 0.513821215986556,
    "sus": 0.9188061799850715,
    "rel": 0.48718699097220153,
    "lfoRate": 0.12259697324054111,
    "modDepth": 0.6830029924355911,
    "modRoute": 2,
    "filterMode": 2,
    "timbre": 0.43028167892035685,
    "reso": 0.5199999999999996,
    "vol": 0.62,
    "masterOut": 1,
    "dlyTime": 0.22978605553655868,
    "dlyFb": 0.026677111040352218,
    "dlyMix": 0.3776208913597047,
    "micGain": 0.7500000000000002,
    "fileLevel": 0.9400000000000003,
    "fileLoop": true,
    "fileRate": 0.5,
    "filePitch": 0.5,
    "scopeMode": 3,
    "palette": 3,
    "grid": true,
    "text": true,
    "leds": true
  }
}