{
  "app": "OSCILLON",
  "by": "M.B. Parks",
  "version": "0.0.2",
  "saved": "2026-05-25T00:22:00.924Z",
  "patch": {
    "drone": true,
    "tremolo": false,
    "tuneA": 0.6640584971233034,
    "tuneB": 0.4577124451850456,
    "waveA": 0,
    "waveB": 3,
    "sub": 0.0010569121302265393,
    "noise": 0.11656939911499849,
    "atk": 0.4670932546442843,
    "dec": 0.2857118318993389,
    "sus": 0.7320901805409274,
    "rel": 0.5969163748008643,
    "lfoRate": 0.14310144234511285,
    "modDepth": 0.20497564783711789,
    "modRoute": 1,
    "filterMode": 2,
    "timbre": 0.3144901131707717,
    "reso": 0.01022115795624936,
    "vol": 0.55,
    "dlyTime": 0.6672333854861859,
    "dlyFb": 0.2529616626593633,
    "dlyMix": 0.3333473089439695,
    "micGain": 1,
    "scopeMode": 5,
    "palette": 3,
    "grid": true,
    "text": true,
    "leds": true
  }
}