{
  "app": "OSCILLON",
  "by": "M.B. Parks",
  "version": "0.0.4",
  "saved": "2026-05-25T02:47:25.243Z",
  "patch": {
    "drone": true,
    "tremolo": false,
    "tuneA": 0.29708681745606635,
    "tuneB": 0.6542874535992339,
    "waveA": 2,
    "waveB": 0,
    "sub": 0.5817917610283365,
    "noise": 0.01005784861302762,
    "atk": 0.3215493883978113,
    "dec": 0.45285632764001094,
    "sus": 0.5492744169999448,
    "rel": 0.5659144334792062,
    "lfoRate": 0.44030758843969175,
    "modDepth": 0.6775912467475643,
    "modRoute": 2,
    "filterMode": 2,
    "timbre": 0.7508715021940758,
    "reso": 0.20729566754159598,
    "vol": 0.62,
    "masterOut": 0.8,
    "dlyTime": 0.41741229575422933,
    "dlyFb": 0.009994136367363859,
    "dlyMix": 0.29978393826940936,
    "micGain": 0.55,
    "fileLevel": 0.62,
    "fileLoop": true,
    "fileRate": 0.5,
    "filePitch": 0.5,
    "scopeMode": 4,
    "palette": 6,
    "grid": true,
    "text": true,
    "leds": true
  }
}