{
  "app": "OSCILLON",
  "by": "M.B. Parks",
  "version": "0.0.4",
  "saved": "2026-05-25T02:48:53.661Z",
  "patch": {
    "drone": true,
    "tremolo": true,
    "tuneA": 0.29708681745606635,
    "tuneB": 0.6542874535992339,
    "waveA": 2,
    "waveB": 0,
    "sub": 0.5817917610283365,
    "noise": 0.01005784861302762,
    "atk": 0.3215493883978113,
    "dec": 0.45285632764001094,
    "sus": 0.5492744169999448,
    "rel": 0.5659144334792062,
    "lfoRate": 0.6803075884396919,
    "modDepth": 0.8375912467475645,
    "modRoute": 2,
    "filterMode": 0,
    "timbre": 0.5108715021940756,
    "reso": 0.3672956675415959,
    "vol": 0.66,
    "masterOut": 0.8,
    "dlyTime": 0.6574122957542294,
    "dlyFb": 0.6,
    "dlyMix": 0.8400000000000002,
    "micGain": 0.55,
    "fileLevel": 0.62,
    "fileLoop": true,
    "fileRate": 0.5,
    "filePitch": 0.5,
    "scopeMode": 4,
    "palette": 6,
    "grid": true,
    "text": true,
    "leds": true
  }
}