{
  "app": "OSCILLON",
  "by": "M.B. Parks",
  "version": "0.0.2",
  "saved": "2026-05-24T22:57:33.492Z",
  "patch": {
    "drone": true,
    "tremolo": false,
    "tuneA": 0.271507099663255,
    "tuneB": 0.4344550603624906,
    "waveA": 0,
    "waveB": 0,
    "sub": 0.5909520907713798,
    "noise": 0.2432565072777509,
    "atk": 0.4732593822129789,
    "dec": 0.18062448500563313,
    "sus": 0.45873737820050703,
    "rel": 0.41663001259745003,
    "lfoRate": 0.4080805903954151,
    "modDepth": 0.12431791320050406,
    "modRoute": 0,
    "filterMode": 2,
    "timbre": 0.3718927480525141,
    "reso": 0.4251647142910044,
    "vol": 0.55,
    "dlyTime": 0.6827889771573521,
    "dlyFb": 0.5482009811773955,
    "dlyMix": 0.547034492638826,
    "scopeMode": 1,
    "palette": 2,
    "grid": false,
    "text": false,
    "leds": false
  }
}